title,description,type,priority,status,assignee_email
[EP-14] Usage insights (admin),"Epic EP-14. Admin adoption reports, first-party. Source: USAGE-INSIGHTS-STORIES.md.",epic,medium,in_progress,
[REQ-USE-01] Usage notice and Profile switch,REQ-USE-01. Source: USAGE-INSIGHTS-STORIES.md.,story,medium,done,
[REQ-USE-02] Usage event store with row-level security,REQ-USE-02. Source: USAGE-INSIGHTS-STORIES.md.,story,medium,done,
[REQ-USE-03] Client tracking helper and first instrumentation,REQ-USE-03. Source: USAGE-INSIGHTS-STORIES.md.,story,medium,done,
"[REQ-USE-04] Last seen and ""active now""",REQ-USE-04. Source: USAGE-INSIGHTS-STORIES.md.,story,medium,done,
[REQ-USE-05] Usage tab shell and admin-only data access,REQ-USE-05. Source: USAGE-INSIGHTS-STORIES.md.,story,medium,done,
[REQ-USE-06] Overview: active users,REQ-USE-06. Source: USAGE-INSIGHTS-STORIES.md.,story,medium,done,
[REQ-USE-07] Activation funnel,REQ-USE-07. Source: USAGE-INSIGHTS-STORIES.md.,story,medium,done,
[REQ-USE-08] Time to first expense,REQ-USE-08. Source: USAGE-INSIGHTS-STORIES.md.,story,medium,done,
[REQ-USE-09] Stuck users,REQ-USE-09. Source: USAGE-INSIGHTS-STORIES.md.,story,medium,done,
[REQ-USE-10] Feature adoption,REQ-USE-10. Source: USAGE-INSIGHTS-STORIES.md.,story,medium,todo,
[REQ-USE-11] Top events this week,REQ-USE-11. Source: USAGE-INSIGHTS-STORIES.md.,story,medium,todo,
[REQ-USE-12] Per-user activity timeline,REQ-USE-12. Source: USAGE-INSIGHTS-STORIES.md.,story,medium,todo,
[REQ-USE-23] Devices and install mode,REQ-USE-23. Source: USAGE-INSIGHTS-STORIES.md.,story,medium,todo,
[REQ-USE-24] Device filter across views,REQ-USE-24. Source: USAGE-INSIGHTS-STORIES.md.,story,medium,todo,
"[REQ-USE-25] ""Never signed in"" group",REQ-USE-25. Source: USAGE-INSIGHTS-STORIES.md.,story,medium,done,
[REQ-INV-01] Per-invite share links,REQ-INV-01. Source: USAGE-INSIGHTS-STORIES.md.,story,medium,done,
[REQ-INV-03] Invite visibility,REQ-INV-03. Source: USAGE-INSIGHTS-STORIES.md.,story,medium,todo,
"[REQ-INV-04] Invite links, phase 3",REQ-INV-04. Source: USAGE-INSIGHTS-STORIES.md.,story,medium,todo,
[REQ-INV-02] Email invites and reminders,REQ-INV-02. Source: USAGE-INSIGHTS-STORIES.md.,story,medium,todo,
[REQ-USE-13] Trip pulse for trip creators,REQ-USE-13. Source: USAGE-INSIGHTS-STORIES.md.,story,medium,todo,
