id,jira_key,type
EP-01,SE-1,epic
EP-02,SE-2,epic
EP-03,SE-3,epic
EP-04,SE-4,epic
EP-05,SE-5,epic
EP-06,SE-6,epic
EP-07,SE-7,epic
EP-08,SE-8,epic
EP-09,SE-9,epic
EP-10,SE-10,epic
EP-11,SE-11,epic
EP-12,SE-12,epic
EP-13,SE-13,epic
REQ-AUTH-01,SE-14,story
REQ-AUTH-02,SE-15,story
REQ-AUTH-03,SE-16,story
REQ-AUTH-04,SE-17,story
REQ-AUTH-05,SE-18,story
REQ-AUTH-06,SE-19,story
REQ-AUTH-07,SE-20,story
REQ-AUTH-08,SE-21,story
REQ-AUTH-09,SE-22,story
REQ-AUTH-10,SE-23,story
REQ-AUTH-11,SE-24,story
REQ-TRIP-01,SE-25,story
REQ-TRIP-02,SE-26,story
REQ-TRIP-03,SE-27,story
REQ-TRIP-04,SE-28,story
REQ-TRIP-05,SE-29,story
REQ-TRIP-06,SE-30,story
REQ-TRIP-07,SE-31,story
REQ-TRIP-08,SE-32,story
REQ-TRIP-09,SE-33,story
REQ-TRIP-10,SE-34,story
REQ-TRIP-11,SE-35,story
REQ-TRIP-12,SE-36,story
REQ-CIRC-01,SE-37,story
REQ-CIRC-02,SE-38,story
REQ-CIRC-03,SE-39,story
REQ-CIRC-04,SE-40,story
REQ-CIRC-05,SE-41,story
REQ-CIRC-06,SE-42,story
REQ-CIRC-07,SE-43,story
REQ-CIRC-08,SE-44,story
REQ-CIRC-09,SE-45,story
REQ-EXP-01,SE-46,story
REQ-EXP-02,SE-47,story
REQ-EXP-03,SE-48,story
REQ-EXP-04,SE-49,story
REQ-EXP-05,SE-50,story
REQ-EXP-06,SE-51,story
REQ-EXP-07,SE-52,story
REQ-EXP-08,SE-53,story
REQ-EXP-09,SE-54,story
REQ-EXP-10,SE-55,story
REQ-EXP-11,SE-56,story
REQ-EXP-12,SE-57,story
REQ-EXP-13,SE-58,story
REQ-EXP-14,SE-59,story
REQ-EXP-15,SE-60,story
REQ-EXP-16,SE-61,story
REQ-BAL-01,SE-62,story
REQ-BAL-02,SE-63,story
REQ-BAL-03,SE-64,story
REQ-BAL-04,SE-65,story
REQ-BAL-05,SE-66,story
REQ-BAL-06,SE-67,story
REQ-BAL-07,SE-68,story
REQ-BAL-08,SE-69,story
REQ-BAL-09,SE-70,story
REQ-REP-01,SE-71,story
REQ-REP-02,SE-72,story
REQ-REP-03,SE-73,story
REQ-REP-04,SE-74,story
REQ-REP-05,SE-75,story
REQ-REP-06,SE-76,story
REQ-ACT-01,SE-77,story
REQ-ACT-02,SE-78,story
REQ-ACT-03,SE-79,story
REQ-ACT-04,SE-80,story
REQ-ACT-05,SE-81,story
REQ-OFF-01,SE-82,story
REQ-OFF-02,SE-83,story
REQ-OFF-03,SE-84,story
REQ-OFF-04,SE-85,story
REQ-OFF-05,SE-86,story
REQ-ADM-01,SE-87,story
REQ-ADM-02,SE-88,story
REQ-ADM-03,SE-89,story
REQ-ADM-04,SE-90,story
REQ-ADM-05,SE-91,story
REQ-ADM-06,SE-92,story
REQ-ADM-07,SE-93,story
REQ-ADM-08,SE-94,story
REQ-ADM-09,SE-95,story
REQ-ADM-10,SE-96,story
REQ-ONB-01,SE-97,story
REQ-ONB-02,SE-98,story
REQ-ONB-03,SE-99,story
REQ-ONB-04,SE-100,story
REQ-SEC-01,SE-101,story
REQ-SEC-02,SE-102,story
REQ-SEC-03,SE-103,story
REQ-SEC-04,SE-104,story
REQ-SEC-05,SE-105,story
REQ-SEC-06,SE-106,story
REQ-GRO-01,SE-107,story
REQ-GRO-02,SE-108,story
REQ-GRO-03,SE-109,story
REQ-GRO-04,SE-110,story
REQ-FUND-01,SE-111,story
DEF-001,SE-112,bug
DEF-002,SE-113,bug
DEF-003,SE-114,bug
DEF-004,SE-115,bug
DEF-005,SE-116,bug
DEF-005b,SE-117,bug
DEF-006,SE-118,bug
DEF-007,SE-119,bug
DEF-008,SE-120,bug
DEF-009,SE-121,bug
DEF-010,SE-122,bug
DEF-011,SE-123,bug
DEF-012,SE-124,bug
DEF-013,SE-125,bug
DEF-013b,SE-126,bug
DEF-014,SE-127,bug
DEF-015,SE-128,bug
DEF-016,SE-129,bug
DEF-017,SE-130,bug
DEF-018,SE-131,bug
DEF-019,SE-132,bug
DEF-020,SE-133,bug
DEF-020b,SE-134,bug
DEF-021b,SE-135,bug
DEF-022,SE-136,bug
DEF-023,SE-137,bug
DEF-024,SE-138,bug
DEF-025,SE-139,bug
DEF-026,SE-140,bug
DEF-027,SE-141,bug
DEF-028,SE-142,bug
DEF-029,SE-143,bug
DEF-030,SE-144,bug
DEF-031,SE-145,bug
DEF-032,SE-146,bug
DEF-033,SE-147,bug
DEF-034,SE-148,bug
DEF-035,SE-149,bug
DEF-036,SE-150,bug
DEF-037,SE-151,bug
EP-14,SE-152,epic
REQ-USE-01,SE-153,story
REQ-USE-02,SE-154,story
REQ-USE-03,SE-155,story
REQ-USE-04,SE-156,story
REQ-USE-05,SE-157,story
REQ-USE-06,SE-158,story
REQ-USE-07,SE-159,story
REQ-USE-08,SE-160,story
REQ-USE-09,SE-161,story
REQ-USE-10,SE-162,story
REQ-USE-11,SE-163,story
REQ-USE-12,SE-164,story
REQ-USE-23,SE-165,story
REQ-USE-24,SE-166,story
REQ-USE-25,SE-167,story
REQ-INV-01,SE-168,story
REQ-INV-03,SE-169,story
REQ-INV-04,SE-170,story
REQ-INV-02,SE-171,story
REQ-USE-13,SE-172,story
REQ-USE-14,SE-173,story
REQ-USE-15,SE-174,story
REQ-USE-16,SE-175,story
REQ-USE-17,SE-176,story
REQ-USE-18,SE-177,story
REQ-USE-19,SE-178,story
REQ-USE-20,SE-179,story
REQ-USE-21,SE-180,story
REQ-USE-22,SE-181,story
DEF-038,SE-182,bug
REQ-USE-26,SE-183,story
DEF-039,SE-184,bug
DEF-040,SE-185,bug
REQ-SEC-07,SE-186,story
